replicate,add_cor_est_1_2_Gamma,add_cor_est_1_2,add_cor_est_1_2_SE,add_cor_est_1_2_Z,add_cor_est_1_2_Con,add_var_est_1_Gamma,add_var_est_1,add_var_est_1_SE,add_var_est_1_Z,add_var_est_1_Con,add_var_est_2_Gamma,add_var_est_2,add_var_est_2_SE,add_var_est_2_Z,add_var_est_2_Con,res_var_est_1_Gamma,res_var_est_1,res_var_est_1_SE,res_var_est_1_Z,res_var_est_1_Con,res_cov_est_1_2_Gamma,res_cov_est_1_2,res_cov_est_1_2_SE,res_cov_est_1_2_Z,res_cov_est_1_2_Con,res_var_est_2_Gamma,res_var_est_2,res_var_est_2_SE,res_var_est_2_Z,res_var_est_2_Con,res_cor_est_1_2,res_cor_est_1_2_SE,res_cor_est_1_2_Z,h2_est_1,h2_est_2,h2_est_1_se,h2_est_2_se
1,0.717207145257272,0.717207145257272,0.0835904456378271,8.58001341881488,Unconstrained,0.313502951267462,0.313502951267462,0.0822314596811733,3.81244541302041,Positive,0.373750700802037,0.373750700802037,0.0881475730399253,4.24005662223679,Positive,0.675057107896951,0.675057107896951,0.0601161684746468,11.2292104607706,Positive,0.379875050556209,0.379875050556209,0.0506508461221653,7.49987571066404,Positive,0.433514396537516,0.433514396537516,0.0563337287889236,7.69546781044527,Positive,0.702212815927668,0.0936299270838842,7.49987571066404,0.317130910116329,0.462983847603199,0.0726457904810102,0.0879072203050456
2,0.562298106364345,0.562298106364345,0.126472760844421,4.44600167348328,Unconstrained,0.299365706901641,0.299365706901641,0.0859860617851447,3.48156085633592,Positive,0.23409224514624,0.23409224514624,0.0634515939973227,3.6893044035445,Positive,0.664662371293856,0.664662371293856,0.0624571701592563,10.6418905883675,Positive,0.435283022907758,0.435283022907758,0.0461401256000266,9.433936671111,Positive,0.48749899671549,0.48749899671549,0.0458259939031674,10.6380452488515,Positive,0.764688078364347,0.0810571562035186,9.433936671111,0.310536294193842,0.324411150753817,0.0784377836601057,0.0767104284593083
3,0.425200344062423,0.425200344062423,0.155951897121764,2.72648394735739,Unconstrained,0.129662808112879,0.129662808112879,0.0437952212495236,2.96066110441878,Positive,0.400144502790752,0.400144502790752,0.0815652684156891,4.9058197264975,Positive,0.763949624490501,0.763949624490501,0.0464893129570483,16.4328009148321,Positive,0.43362799929514,0.43362799929514,0.0386020709769735,11.2332833011421,Positive,0.374557855334741,0.374557855334741,0.0505771797266783,7.40566906575002,Positive,0.810635280242023,0.0721636994732966,11.2332833011421,0.145099601776052,0.516513856700993,0.0466450889460362,0.0814841264901273
4,0.692180140119593,0.692180140119593,0.0833824223787271,8.30127166341698,Unconstrained,0.534760530809914,0.534760530809914,0.11564093074333,4.62431880626108,Positive,0.440506582820247,0.440506582820247,0.0942075684970791,4.67591500181755,Positive,0.623495068770543,0.623495068770543,0.074515881358525,8.36727765146687,Positive,0.363303831059381,0.363303831059381,0.0562521870570679,6.45848366199182,Positive,0.429479271059396,0.429479271059396,0.058730876899135,7.31266573453326,Positive,0.702073146998071,0.108705569873897,6.45848366199182,0.461694751144406,0.506337638544165,0.0801244245498603,0.0845741066342464
5,0.850197775011822,0.850197775011822,0.0557580753196543,15.2479756544275,Unconstrained,0.333655418787489,0.333655418787489,0.0855285934849302,3.90109792751681,Positive,0.286273497796274,0.286273497796274,0.0674438644093321,4.24461884418151,Positive,0.602946979611125,0.602946979611125,0.0599362487343657,10.0598050819522,Positive,0.302752095279057,0.302752095279057,0.0459031034841412,6.59546026955789,Positive,0.420956104721113,0.420956104721113,0.0452182834273938,9.30942249050729,Positive,0.600937338873922,0.0911137834682467,6.59546026955789,0.356240192591826,0.404781554359832,0.0782418502244725,0.0792570783969164
6,0.732361622903551,0.732361622903551,0.0830354644810602,8.81986543316799,Unconstrained,0.322515863977837,0.322515863977837,0.0850181073331362,3.79349616328303,Positive,0.303187043668371,0.303187043668371,0.0696158377243845,4.35514465643172,Positive,0.664478634874116,0.664478634874116,0.061455725349114,10.8123145744255,Positive,0.356288604505176,0.356288604505176,0.046066661499211,7.73419633439854,Positive,0.422660435589129,0.422660435589129,0.0463199717789244,9.12479907385089,Positive,0.672303888630901,0.0869261471474118,7.73419633439854,0.326765614553049,0.417700759915174,0.0749569838236792,0.0791102807046259
7,0.379424704065555,0.379424704065555,0.14604742803515,2.59795539825758,Unconstrained,0.30619609216272,0.30619609216272,0.074748804572636,4.09633430144262,Positive,0.273112580953582,0.273112580953582,0.0693757994851339,3.93671255654654,Positive,0.597789183684618,0.597789183684618,0.0538576475789908,11.0994298963367,Positive,0.399916957835948,0.399916957835948,0.0403503877445188,9.91110569663046,Positive,0.443546317350928,0.443546317350928,0.0469460141012865,9.44800801179781,Positive,0.776651713669514,0.0783617627984289,9.91110569663046,0.338718008294672,0.381091453130239,0.0712677742716277,0.0816003223150232
8,0.704713462679202,0.704713462679202,0.0919303331323015,7.66573380806761,Unconstrained,0.258948359948991,0.258948359948991,0.0681095662454081,3.80193817438162,Positive,0.348737238982239,0.348737238982239,0.0791523510833159,4.40589867779363,Positive,0.626619998144931,0.626619998144931,0.0520535821148037,12.0379803403909,Positive,0.371427336664557,0.371427336664557,0.0438755041691818,8.46548304567285,Positive,0.434539254031835,0.434539254031835,0.051343495988236,8.46337487675943,Positive,0.711798767171248,0.0840824750733021,8.46548304567285,0.292409228019784,0.445228782036195,0.0681090590977464,0.0819713531685469
9,0.897207429496056,0.897207429496056,0.0343520721903256,26.1180002337307,Unconstrained,0.601348114725235,0.601348114725235,0.134635323094711,4.46649587123736,Positive,0.509130565111929,0.509130565111929,0.103864741592315,4.90186137573368,Positive,0.491778259600011,0.491778259600011,0.0820568620896178,5.99313996510029,Positive,0.244544331267962,0.244544331267962,0.064725277642424,3.77818898852704,Positive,0.353190530108047,0.353190530108047,0.0617709457718031,5.71774522301826,Positive,0.586770689673729,0.155304748241958,3.77818898852704,0.550117652313008,0.590418775481831,0.0940764844369947,0.0890176571543548
10,0.955068322629406,0.955068322629406,0.017523945982738,54.5007570538165,Unconstrained,0.703031455152695,0.703031455152695,0.128835443234539,5.45681714210317,Positive,0.848736341315099,0.848736341315099,0.134231679107834,6.32292128770343,Positive,0.476067186791377,0.476067186791377,0.0775169040107519,6.14146285725427,Positive,0.13037140884419,0.13037140884419,0.0690977710302602,1.88676721260801,Positive,0.173556630099567,0.173556630099567,0.0731292082563575,2.37328742150684,Positive,0.453552567711601,0.240386076608079,1.88676721260801,0.596244817985332,0.830228090231906,0.0804749874879541,0.0804352396405466
11,0.696703519336448,0.696703519336448,0.0899279379833253,7.74735343609939,Unconstrained,0.310818278988181,0.310818278988181,0.0822876059594752,3.77721863899227,Positive,0.3823151419746,0.3823151419746,0.0855529311332496,4.46875562193352,Positive,0.680805093853552,0.680805093853552,0.0604835043129982,11.2560457861441,Positive,0.333103706891508,0.333103706891508,0.0480978279274397,6.92554573137954,Positive,0.362210156738188,0.362210156738188,0.0530231277596052,6.83117296249226,Positive,0.670791815964417,0.0968576112240613,6.92554573137954,0.313443881518703,0.513501881850873,0.0726698178597692,0.0895946197392504
12,0.700771352823871,0.700771352823871,0.121318254163881,5.77630594549477,Unconstrained,0.0920374269032034,0.0920374269032034,0.0359825212678831,2.55783707367258,Positive,0.176348217558339,0.176348217558339,0.0455596427720208,3.87071115637979,Positive,0.755297233734904,0.755297233734904,0.0433964160864483,17.4045993159967,Positive,0.406099849103534,0.406099849103534,0.0332732326361695,12.205001345799,Positive,0.472884219435608,0.472884219435608,0.0363704363282493,13.001884694694,Positive,0.679510966828984,0.0556747965507494,12.205001345799,0.108619924545388,0.271625703692286,0.0410949762216207,0.06271813351091
13,0.74005833383571,0.74005833383571,0.0740683246853112,9.99156301941409,Unconstrained,0.439352778684342,0.439352778684342,0.0958938089634568,4.58165947763918,Positive,0.270219594637867,0.270219594637867,0.062177014300989,4.34597250568799,Positive,0.590334697278521,0.590334697278521,0.0636140036324617,9.27994880953034,Positive,0.394734863772963,0.394734863772963,0.0462335124757913,8.53785149851318,Positive,0.49214872331114,0.49214872331114,0.0444918586193091,11.0615456082015,Positive,0.732332232683612,0.0857747681382305,8.53785149851318,0.426685561338407,0.354447565928286,0.0762392213425552,0.0696192570525778
14,0.539903727926822,0.539903727926822,0.13422502782995,4.02237747054764,Unconstrained,0.190070455566414,0.190070455566414,0.0569571208162432,3.33707976882514,Positive,0.220425567032993,0.220425567032993,0.0567797484030072,3.88211595212562,Positive,0.693642349584198,0.693642349584198,0.0493910672912804,14.0438825809025,Positive,0.417965838340966,0.417965838340966,0.0382318711365003,10.9323929464161,Positive,0.481044923096422,0.481044923096422,0.0420142574948991,11.449563833297,Positive,0.723569361316316,0.0661858172188659,10.9323929464161,0.215081703533786,0.314233556699337,0.0593737575037791,0.0708287803101057
15,0.69846052924394,0.69846052924394,0.0794777629416881,8.78812517353304,Unconstrained,0.462047321794597,0.462047321794597,0.10399007612349,4.4431866868326,Positive,0.599811003116496,0.599811003116496,0.111986053085816,5.35612236156634,Positive,0.599689090132349,0.599689090132349,0.0683687275878812,8.77139463158077,Positive,0.292374342527346,0.292374342527346,0.056601080735666,5.16552579433546,Positive,0.29763498485259,0.29763498485259,0.0645594064947436,4.61024970662987,Positive,0.692044776821756,0.13397373362856,5.16552579433546,0.435180819461609,0.668353317255185,0.0799908107914968,0.0872229821525087
16,0.736775516050419,0.736775516050419,0.0913834776890132,8.06245871444877,Unconstrained,0.26795215251693,0.26795215251693,0.0756028939412955,3.54420497084398,Positive,0.193475517613945,0.193475517613945,0.0548907567494757,3.52473766206171,Positive,0.651473106253539,0.651473106253539,0.0566866449282907,11.4925324488274,Positive,0.377503285124842,0.377503285124842,0.0421420585570051,8.9578748179612,Positive,0.480398029689011,0.480398029689011,0.0413964381576193,11.6048155606979,Positive,0.674795038138967,0.0753298133599671,8.9578748179612,0.291434404222544,0.28710953024984,0.0729375703083786,0.0724155151866373
17,0.741708611154188,0.741708611154188,0.0936114387809586,7.92326900230336,Unconstrained,0.1381363204474,0.1381363204474,0.0459052858375152,3.00915935773372,Positive,0.333281088939369,0.333281088939369,0.0761365962228407,4.37740988530541,Positive,0.790648887492953,0.790648887492953,0.0483270473682974,16.3603805849645,Positive,0.442495005045063,0.442495005045063,0.0416078359409473,10.6348959285718,Positive,0.484377810791598,0.484377810791598,0.0512664249517523,9.44824631808157,Positive,0.715030258500964,0.0672343446803236,10.6348959285718,0.14872795051692,0.407604062096099,0.0469664110887233,0.0772564433302552
18,0.726837511848821,0.726837511848821,0.0724372791501216,10.03402557877,Unconstrained,0.408725993690838,0.408725993690838,0.0985782783082666,4.14620746786326,Positive,0.390041901859168,0.390041901859168,0.0735836777109463,5.30065789034551,Positive,0.613562760640356,0.613562760640356,0.0664968352386951,9.22694679285005,Positive,0.347531078594553,0.347531078594553,0.048036051169743,7.23479699375156,Positive,0.38702337773983,0.38702337773983,0.0465865901442614,8.30761333983368,Positive,0.713174082980474,0.098575548643095,7.23479699375156,0.399814623763749,0.501942259034463,0.0805584409177439,0.0737536944833494
19,0.635377626116549,0.635377626116549,0.105381433194964,6.0293128196601,Unconstrained,0.253427125818623,0.253427125818623,0.0678940440309891,3.73268567862817,Positive,0.390933486607671,0.390933486607671,0.0758786422861771,5.1520885828882,Positive,0.75225294190682,0.75225294190682,0.0560553629045709,13.4198211005691,Positive,0.404876051302846,0.404876051302846,0.0438862018037757,9.22558878786391,Positive,0.391589808893597,0.391589808893597,0.0478555689942212,8.18274272197837,Positive,0.745975305347094,0.0808593708759717,9.22558878786391,0.251995772762805,0.499580637222112,0.0610208137072282,0.0756463342238385
20,0.852132569770643,0.852132569770643,0.0440010898813421,19.3661696123571,Unconstrained,0.596591750154711,0.596591750154711,0.126823289327667,4.70411825239234,Positive,0.525966531958427,0.525966531958427,0.101366586891785,5.18875645403675,Positive,0.520471009783948,0.520471009783948,0.0780755216435634,6.66625081494868,Positive,0.244076198458079,0.244076198458079,0.0612017910724656,3.98805646339797,Positive,0.326026371975979,0.326026371975979,0.0596896547830643,5.46202475388554,Positive,0.59251696920114,0.14857286365908,3.98805646339797,0.534071827967367,0.617336751902009,0.0873444524092065,0.0862221727669541
21,0.841653549166915,0.841653549166915,0.052623708538026,15.99380911284,Unconstrained,0.440298929596758,0.440298929596758,0.106338595105349,4.14053739529432,Positive,0.462945689811345,0.462945689811345,0.11003391811625,4.20729987386477,Positive,0.650242067757866,0.650242067757866,0.0709823549684181,9.16061559308896,Positive,0.376559670159518,0.376559670159518,0.0627340902773839,6.00247279421011,Positive,0.461272117730108,0.461272117730108,0.0684461627462288,6.73919616853208,Positive,0.687571190799631,0.114547989532389,6.00247279421011,0.403743582923348,0.500905399175162,0.0811043248384131,0.0937275931667715
22,0.771147327899567,0.771147327899567,0.0697172094652256,11.0610756485342,Unconstrained,0.350644374089723,0.350644374089723,0.0884895445391179,3.96255146205116,Positive,0.432959464950979,0.432959464950979,0.0934914469312366,4.63100614187117,Positive,0.70909216946366,0.70909216946366,0.0641694596113789,11.0503060764115,Positive,0.389205697782699,0.389205697782699,0.0531828047474902,7.31826197641573,Positive,0.41363719417256,0.41363719417256,0.0580977707076328,7.11967411373009,Positive,0.718651031075656,0.098199686399807,7.31826197641573,0.330878817214309,0.511411733421216,0.0724033927327207,0.0860522727533114
23,0.44246181882845,0.44246181882845,0.134902847201527,3.27985530333151,Unconstrained,0.304446223218561,0.304446223218561,0.0821227932113584,3.70720735758478,Positive,0.240688333471395,0.240688333471395,0.0572149894117409,4.20673561152498,Positive,0.670767647939391,0.670767647939391,0.0601945724787722,11.1433243948354,Positive,0.41981733408224,0.41981733408224,0.0411608051995119,10.1994441568218,Positive,0.456227776592284,0.456227776592284,0.0412603277926674,11.0572988873191,Positive,0.758898074748881,0.0744058267372641,10.1994441568218,0.31218405748994,0.345361988330852,0.0738230799484287,0.0705527125227958
24,0.54069365871628,0.54069365871628,0.107723910825351,5.01925389241473,Unconstrained,0.548248968746103,0.548248968746103,0.119108668304046,4.6029308911976,Positive,0.250266378415796,0.250266378415796,0.0566534145936229,4.41749857816984,Positive,0.554825184698284,0.554825184698284,0.0746606191718708,7.4312963226445,Positive,0.33141410652972,0.33141410652972,0.0443343996542632,7.47532636314501,Positive,0.372410892084811,0.372410892084811,0.0383690106132754,9.70603323182797,Positive,0.729090970347585,0.097532995207027,7.47532636314501,0.497019141491238,0.401919887351263,0.0848746450158823,0.0756506495749233
25,0.509819896346675,0.509819896346675,0.162932861981451,3.12901823577318,Unconstrained,0.0852123407703788,0.0852123407703788,0.0356898928683477,2.38757625540398,Positive,0.20600159935437,0.20600159935437,0.0504322344864614,4.08472084277113,Positive,0.796518391512434,0.796518391512434,0.0449694337946155,17.7124398574884,Positive,0.433284568974804,0.433284568974804,0.0339255325686497,12.7716364687285,Positive,0.459260695151814,0.459260695151814,0.038187118426663,12.0265868196839,Positive,0.716383672212419,0.0560917681901212,12.7716364687285,0.0966421353486942,0.309654704701523,0.0393621784669483,0.066437888634378
26,0.588458940737639,0.588458940737639,0.143809147979036,4.09194372546747,Unconstrained,0.0901046116049917,0.0901046116049917,0.0360750809039449,2.49769672990916,Positive,0.502195535260182,0.502195535260182,0.0947754159685765,5.29879536932541,Positive,0.790747437769593,0.790747437769593,0.0448483384776104,17.6315882507968,Positive,0.402552024499284,0.402552024499284,0.0386267209754659,10.4215945421556,Positive,0.320620940233552,0.320620940233552,0.0560273981969411,5.72257414321726,Positive,0.799479213879787,0.0767137131123144,10.4215945421556,0.102292560559934,0.610337238275203,0.0397362670724933,0.0837801361635803
27,0.887219832757016,0.887219832757016,0.0383001398914629,23.1649240778564,Unconstrained,0.436271066941029,0.436271066941029,0.0977871344758352,4.46143625416121,Positive,0.459255237525656,0.459255237525656,0.0960806479781538,4.77989321668687,Positive,0.530846997002744,0.530846997002744,0.0632874360819807,8.38787332631236,Positive,0.241230638607157,0.241230638607157,0.0542675712799246,4.44520793758825,Positive,0.300937228214831,0.300937228214831,0.0569187245863648,5.28713934477235,Positive,0.603545235403058,0.135774353838329,4.44520793758825,0.451104247977725,0.604130214679654,0.0817464951566672,0.0928260363796052
28,0.822536804198905,0.822536804198905,0.0525616808580469,15.6489821248359,Unconstrained,0.504696717047342,0.504696717047342,0.117554293806081,4.29330737914088,Positive,0.665245897106857,0.665245897106857,0.128819057459957,5.16418851545819,Positive,0.585420500036065,0.585420500036065,0.0751439238647817,7.79065651521611,Positive,0.269601482471969,0.269601482471969,0.0669397316245193,4.02752559547485,Positive,0.29355584638986,0.29355584638986,0.0737996091837862,3.9777425603814,Positive,0.650343712311637,0.161474755875502,4.02752559547485,0.462974723395022,0.693830504188205,0.0867483728709393,0.0925740940337128
29,0.841809186551822,0.841809186551822,0.0520894168552341,16.1608487361523,Unconstrained,0.387473991552686,0.387473991552686,0.100660521383949,3.84931437097117,Positive,0.481409038997467,0.481409038997467,0.106551361515412,4.51809373574108,Positive,0.628413784130016,0.628413784130016,0.0681089161173715,9.22660086158288,Positive,0.306468576252258,0.306468576252258,0.059005956118208,5.19385832234127,Positive,0.333334792494381,0.333334792494381,0.0635024719594541,5.24916246893842,Positive,0.669611303519532,0.128923675226029,5.19385832234127,0.381414168796641,0.590871658538336,0.0836708468993365,0.0971660338402425
30,0.510474757317891,0.510474757317891,0.128154513136732,3.98327569449895,Unconstrained,0.253206586543324,0.253206586543324,0.0701854172323588,3.60768086203787,Positive,0.270239758989366,0.270239758989366,0.0630440848882061,4.28652044785126,Positive,0.690496378260821,0.690496378260821,0.0551530132435957,12.5196492023217,Positive,0.386624772758729,0.386624772758729,0.0401215618849921,9.63633404569302,Positive,0.397214093937963,0.397214093937963,0.0424367704423375,9.36013956287488,Positive,0.738238431973642,0.0766098838493046,9.63633404569302,0.268311742133685,0.404881562679044,0.0666934675298268,0.0785450078453936
31,0.7475734067921,0.7475734067921,0.0839693354312067,8.90293346914198,Unconstrained,0.327091449203119,0.327091449203119,0.0839426184430283,3.89660765020232,Positive,0.18140835474343,0.18140835474343,0.0491736765199687,3.68913548023529,Positive,0.656083630532259,0.656083630532259,0.0604294186256113,10.857023705573,Positive,0.394840655994505,0.394840655994505,0.0420964538655249,9.37942795029254,Positive,0.488919698372041,0.488919698372041,0.0387096886374255,12.6304218809795,Positive,0.697145608752475,0.0743270924886982,9.37942795029254,0.332688913648173,0.270626231291234,0.0739752080354217,0.0656643476356393
32,0.719230666087375,0.719230666087375,0.0723417855831651,9.94211934761463,Unconstrained,0.458346913929596,0.458346913929596,0.102397054274601,4.47617284673479,Positive,0.466731123632392,0.466731123632392,0.0884814454808326,5.27490392020662,Positive,0.617439105465976,0.617439105465976,0.0678633984248469,9.09826386236372,Positive,0.333702617311148,0.333702617311148,0.052905137783464,6.30756541409954,Positive,0.368743614314942,0.368743614314942,0.0538415689758049,6.84867884293354,Positive,0.699359200770997,0.110876250162653,6.30756541409954,0.426057697038225,0.558641814567723,0.0780730832503369,0.0796915130704953
33,0.664562054790936,0.664562054790936,0.106348639430683,6.24890039354094,Unconstrained,0.220011716207727,0.220011716207727,0.065389449081117,3.36463633352834,Positive,0.257132861355689,0.257132861355689,0.0631700553179171,4.07048656300223,Positive,0.724725286529535,0.724725286529535,0.0543478288026989,13.3349446058008,Positive,0.412970757739248,0.412970757739248,0.041879289932316,9.86097802533611,Positive,0.455047125175322,0.455047125175322,0.0442487518210948,10.2838409321726,Positive,0.719125030985956,0.0729263394704143,9.86097802533611,0.232881442740434,0.361050389253662,0.0632416694897036,0.0756429393997072
34,0.639593436411592,0.639593436411592,0.111257677153623,5.74875777361819,Unconstrained,0.205421517574252,0.205421517574252,0.0623151285621803,3.29649512588704,Positive,0.241223518226723,0.241223518226723,0.0576831842773718,4.18186896664355,Positive,0.713480280121535,0.713480280121535,0.0526463830248803,13.5523133618572,Positive,0.395715011266472,0.395715011266472,0.0393539542384741,10.055279550018,Positive,0.437537720362386,0.437537720362386,0.0409444865431954,10.6861205818467,Positive,0.708245442244335,0.0704351817094004,10.055279550018,0.223551110781763,0.35538788091102,0.06226348543153,0.0726416157340425
35,0.862121208191152,0.862121208191152,0.0411569475574722,20.9471610348963,Unconstrained,0.535849873779092,0.535849873779092,0.118013536165636,4.54057976050313,Positive,0.537470042913956,0.537470042913956,0.102848843548183,5.2258248549208,Positive,0.570375893552991,0.570375893552991,0.0748396312602759,7.6213081752013,Positive,0.243897471418292,0.243897471418292,0.0603438920461269,4.04179218721683,Positive,0.284082018246207,0.284082018246207,0.0596727597674564,4.76066498940671,Positive,0.605905429754687,0.149910089803977,4.04179218721683,0.484394677472951,0.654213005265865,0.0846729465208671,0.0885162338093871
36,0.625932239028815,0.625932239028815,0.0939146281447987,6.66490674981692,Unconstrained,0.320172961861828,0.320172961861828,0.0834474323932604,3.83682220865656,Positive,0.428381145202152,0.428381145202152,0.0824515435318857,5.19555034208048,Positive,0.689413490184225,0.689413490184225,0.0613224491447612,11.2424324174783,Positive,0.427727921171772,0.427727921171772,0.0489029880742167,8.7464577935941,Positive,0.481299983784757,0.481299983784757,0.0536612567657096,8.96922682758178,Positive,0.742539889129216,0.0848960695463542,8.7464577935941,0.317132783639239,0.47091352293878,0.0722530196488755,0.0720858822011936
37,0.721470722771369,0.721470722771369,0.0968181818987819,7.45181027594205,Unconstrained,0.145784863157085,0.145784863157085,0.0483869873205642,3.01289398720484,Positive,0.361589050500287,0.361589050500287,0.072944547958094,4.9570401163911,Positive,0.790344138440521,0.790344138440521,0.0494587759049797,15.9798564355683,Positive,0.398308589110656,0.398308589110656,0.0404232691460656,9.85344821249874,Positive,0.40220473108385,0.40220473108385,0.0471419429028189,8.53178096441587,Positive,0.706460632552782,0.0716967925661457,9.85344821249874,0.155731595654324,0.473411880560663,0.0489970812374098,0.0760473175658981
38,0.87834449387849,0.87834449387849,0.0430057784173976,20.4238715400897,Unconstrained,0.400749757552452,0.400749757552452,0.0938630149315686,4.26951720914378,Positive,0.650725646173729,0.650725646173729,0.133119747390639,4.88827284402951,Positive,0.560189332200375,0.560189332200375,0.0621774939375968,9.00951930874857,Positive,0.228026877975659,0.228026877975659,0.0609220982252442,3.74292554948759,Positive,0.267466282676601,0.267466282676601,0.075853144656159,3.52610671434943,Positive,0.589093326863768,0.157388470348927,3.74292554948759,0.417039708162494,0.708703295822371,0.0805854315495975,0.0990234484927951
39,0.727263360275713,0.727263360275713,0.0718501115875104,10.1219517159683,Unconstrained,0.476836894173938,0.476836894173938,0.10356444140331,4.6042530400661,Positive,0.495246787099146,0.495246787099146,0.105795577718186,4.68116718846571,Positive,0.630678670397796,0.630678670397796,0.0683686962530464,9.22467013358755,Positive,0.331714536492952,0.331714536492952,0.0562993487116567,5.89197822148644,Positive,0.370189704537126,0.370189704537126,0.0634809346241005,5.83150999160909,Positive,0.686512206969541,0.116516419640863,5.89197822148644,0.430546449573669,0.572250872115166,0.0763166860389326,0.0916523895750592
40,0.515029171589038,0.515029171589038,0.130235007373093,3.95461390894384,Unconstrained,0.242165473424172,0.242165473424172,0.0691549865375901,3.50177891065801,Positive,0.43500757541924,0.43500757541924,0.0934645335071162,4.65425289247413,Positive,0.706934930189064,0.706934930189064,0.0553672278902057,12.7681113381896,Positive,0.365331984632279,0.365331984632279,0.044771588045052,8.15990677535627,Positive,0.326711307816783,0.326711307816783,0.0561008996065857,5.82363759062484,Positive,0.760179042990754,0.0931602607626071,8.15990677535627,0.255152639807385,0.571086768351062,0.0658184083095156,0.0920809275237007
41,0.883065248531813,0.883065248531813,0.0502197846544303,17.5840110547728,Unconstrained,0.227616215927094,0.227616215927094,0.0664408755419845,3.4258461236451,Positive,0.269087285643935,0.269087285643935,0.0691731967792052,3.89005132295445,Positive,0.698918757252443,0.698918757252443,0.0537780634233906,12.9963541407192,Positive,0.375901533453081,0.375901533453081,0.0449898866269312,8.35524518143738,Positive,0.45088586850095,0.45088586850095,0.0473348074368274,9.52546113349459,Positive,0.669618490226213,0.0801434877954134,8.35524518143738,0.245663922588908,0.373746276642122,0.0650551955270147,0.0814789717004863
42,0.72301115429804,0.72301115429804,0.0922260755972325,7.83955242176364,Unconstrained,0.334107112479755,0.334107112479755,0.0830804898133773,4.02148703299964,Positive,0.163293763642611,0.163293763642611,0.0461566107910347,3.53781962852283,Positive,0.641815704360166,0.641815704360166,0.0594201966977377,10.801305617095,Positive,0.382976426236572,0.382976426236572,0.0408095006932803,9.38449183965716,Positive,0.521569987514053,0.521569987514053,0.0385030469954071,13.5462003195817,Positive,0.661927731011693,0.0705342113692834,9.38449183965716,0.342349934558973,0.238432481448792,0.0733205664356619,0.061341213482607
43,0.676212616754276,0.676212616754276,0.120372825514573,5.61765177367551,Unconstrained,0.120135266965624,0.120135266965624,0.0432528941222445,2.77750817381351,Positive,0.404892228515338,0.404892228515338,0.0882431885895496,4.58836806542242,Positive,0.801993497672241,0.801993497672241,0.04803199340504,16.6970687830767,Positive,0.443815499560651,0.443815499560651,0.0418112691166411,10.6147339924683,Positive,0.433465978190704,0.433465978190704,0.0557708190729331,7.77227204828833,Positive,0.752730534389176,0.0709137445105337,10.6147339924683,0.130280359503592,0.482958507803225,0.0449886452767945,0.0833814616349159
44,0.698281379790908,0.698281379790908,0.0886697438248714,7.87508060438361,Unconstrained,0.358368186168412,0.358368186168412,0.0876392692448024,4.08912795892198,Positive,0.278955056032131,0.278955056032131,0.0676573207387631,4.12305797785321,Positive,0.74790789147855,0.74790789147855,0.0646093224764512,11.5758510198145,Positive,0.429133035182105,0.429133035182105,0.047305284780413,9.07156646818856,Positive,0.455200033864657,0.455200033864657,0.0463623535983021,9.81831159411474,Positive,0.735473023224926,0.0810745339081209,9.07156646818856,0.323941006598152,0.379967475361845,0.0688369131926402,0.0777153397180701
45,0.727779847489462,0.727779847489462,0.0746138501497521,9.75395112340117,Unconstrained,0.380465959253637,0.380465959253637,0.0978317480135553,3.88898253357305,Positive,0.473650482461286,0.473650482461286,0.0925935527745194,5.11537216435256,Positive,0.686277202445351,0.686277202445351,0.0683637433132529,10.0386135864551,Positive,0.378884080959958,0.378884080959958,0.0547032335401247,6.92617339854411,Positive,0.368359071688123,0.368359071688123,0.056348264346904,6.53718576707788,Positive,0.753565292256572,0.108799657313658,6.92617339854411,0.356661259161647,0.562523881263751,0.0785246627791697,0.0828302799955186
46,0.898091088403405,0.898091088403405,0.0481637597253247,18.6466150799931,Unconstrained,0.202229248475511,0.202229248475511,0.0591087819712734,3.42130630561452,Positive,0.513721675353276,0.513721675353276,0.0989900561751735,5.18962909207962,Positive,0.784003771799499,0.784003771799499,0.0537375236757062,14.589503165996,Positive,0.372248742118235,0.372248742118235,0.0487272351512312,7.63943903164039,Positive,0.377230436845466,0.377230436845466,0.0597546634480252,6.31298739007345,Positive,0.684495818750788,0.0896002724697194,7.63943903164039,0.205052197926936,0.576598526811373,0.0555610063861616,0.0828538497862913
47,0.676358380047036,0.676358380047036,0.0846236999225698,7.99254086817168,Unconstrained,0.418904365252558,0.418904365252558,0.0997742516542335,4.19852174591363,Positive,0.398161812150222,0.398161812150222,0.0863698051897601,4.60996538403016,Positive,0.589544650527941,0.589544650527941,0.0661290265442293,8.91506621730828,Positive,0.318528024740966,0.318528024740966,0.0513634840158518,6.2014489640668,Positive,0.363023844371811,0.363023844371811,0.0533512284582922,6.80441397250315,Positive,0.688528182328799,0.111026985196259,6.2014489640668,0.415394688970312,0.523081075869822,0.0817890198135659,0.0878736083806195
48,0.40880088222205,0.40880088222205,0.131771113477994,3.10235583074375,Unconstrained,0.380385530331079,0.380385530331079,0.0939561663194421,4.04854247711432,Positive,0.386759249342363,0.386759249342363,0.0867291825576167,4.45938999927074,Positive,0.62119196386462,0.62119196386462,0.064287840324932,9.66266654354711,Positive,0.423975686245948,0.423975686245948,0.0489686526821859,8.65810397107748,Positive,0.442339683720583,0.442339683720583,0.0555597180393816,7.96151779256772,Positive,0.808816655531711,0.0934172953147219,8.65810397107748,0.379786419458778,0.466481422082592,0.0792000281122307,0.0838976765811885
49,0.785287847337709,0.785287847337709,0.0585940819922649,13.402169991184,Unconstrained,0.457037038842369,0.457037038842369,0.111277470688063,4.10718392515905,Positive,0.639950733212524,0.639950733212524,0.111646825802944,5.73192053253742,Positive,0.703599150464729,0.703599150464729,0.0753238935722031,9.34098221821581,Positive,0.358539056566819,0.358539056566819,0.0632380300520862,5.66967466050899,Positive,0.322968963652077,0.322968963652077,0.064871703255961,4.97857998853144,Positive,0.752130886002653,0.132658561741024,5.66967466050899,0.393781482132847,0.664594083282637,0.0803558573525283,0.0812388347117296
50,0.707472768803883,0.707472768803883,0.0902521475250945,7.8388469216998,Unconstrained,0.28297969056689,0.28297969056689,0.0785144511182517,3.60417332779529,Positive,0.339447279890983,0.339447279890983,0.0794820438464721,4.27074171050082,Positive,0.72717994771165,0.72717994771165,0.0602808086235961,12.0632082467953,Positive,0.394515971422181,0.394515971422181,0.0481416742818735,8.19489511545149,Positive,0.440541301834159,0.440541301834159,0.0519491406985238,8.48024232760172,Positive,0.697028164862322,0.0850563863286151,8.19489511545149,0.280133634174029,0.435195191114477,0.0692922424915434,0.0833116582116919
51,0.375313194186772,0.375313194186772,0.163904023582113,2.28983514854806,Unconstrained,0.283527774392246,0.283527774392246,0.0769958693754123,3.6823764273618,Positive,0.153873024892078,0.153873024892078,0.0441869241775667,3.48232034150497,Positive,0.670080997709638,0.670080997709638,0.0575587047595005,11.6416969511295,Positive,0.446324632487968,0.446324632487968,0.0381723117463119,11.6923658031031,Positive,0.520865022904649,0.520865022904649,0.0375778484261076,13.8609591746284,Positive,0.75548284575492,0.0646133433111047,11.6923658031031,0.297320853883624,0.228048537346502,0.0712790521472104,0.0598980691788381
52,0.794340909616466,0.794340909616466,0.0642245019483088,12.3681910411044,Unconstrained,0.29807318331862,0.29807318331862,0.0789390808662046,3.77599004254724,Positive,0.415286086868582,0.415286086868582,0.085584473913847,4.85235309486891,Positive,0.627317631572316,0.627317631572316,0.0574298082392319,10.9232060981144,Positive,0.311105644395939,0.311105644395939,0.0484269198081294,6.42422944982996,Positive,0.359595220828872,0.359595220828872,0.0526811048112375,6.82588609554304,Positive,0.655023962569895,0.101961483114093,6.42422944982996,0.322105188988449,0.535935094501889,0.0744412202727611,0.0847281952863324
53,0.582243433159221,0.582243433159221,0.119759783909685,4.86176088626137,Unconstrained,0.24521590750402,0.24521590750402,0.0707760468539521,3.46467369122817,Positive,0.349471425388612,0.349471425388612,0.0842397064011065,4.14853565282633,Positive,0.681952887979744,0.681952887979744,0.0553443337669999,12.3220001319516,Positive,0.391626909495005,0.391626909495005,0.0462563465712107,8.46644706131522,Positive,0.4467133487078,0.4467133487078,0.0548015149601278,8.15147809385957,Positive,0.709546519125569,0.0838068807360315,8.46644706131522,0.264478171287112,0.438932565352341,0.0686388458398435,0.0864630594649288
54,0.674327752413628,0.674327752413628,0.0827922906624982,8.1448133276384,Unconstrained,0.318445335510431,0.318445335510431,0.0765817898901029,4.15823834840383,Positive,0.43283159276486,0.43283159276486,0.0854556703014083,5.06498388273396,Positive,0.601912868096137,0.601912868096137,0.0549303385716775,10.9577491009037,Positive,0.327754872206831,0.327754872206831,0.045396120408961,7.21988727790345,Positive,0.357772931472248,0.357772931472248,0.0523181690145547,6.83840696666425,Positive,0.706282755349643,0.0978246235936715,7.21988727790345,0.346001517955241,0.547469157455834,0.07146822614378,0.0821343526109381
55,0.702072910684691,0.702072910684691,0.0820548431016154,8.55614225982074,Unconstrained,0.335968468917151,0.335968468917151,0.0851310517260442,3.94648559022052,Positive,0.476231791185263,0.476231791185263,0.0870466647559453,5.47099412160689,Positive,0.768411510966324,0.768411510966324,0.0643899940583546,11.9337099219164,Positive,0.440883142249361,0.440883142249361,0.0518315269191801,8.50608053543978,Positive,0.427412895409942,0.427412895409942,0.0541985482191698,7.88605801176732,Positive,0.769312433977083,0.0904426463835859,8.50608053543978,0.304214559333645,0.527012218684792,0.067789950193651,0.0737525535479405
56,0.90832015161753,0.90832015161753,0.0340815074607412,26.651407736698,Unconstrained,0.467089099235896,0.467089099235896,0.109448425822327,4.26766393144974,Positive,0.537420255635617,0.537420255635617,0.116317140124809,4.6203014883186,Positive,0.598312229295904,0.598312229295904,0.0713104690518632,8.39024391861396,Positive,0.300812463951315,0.300812463951315,0.0642976406922278,4.67843704236689,Positive,0.402234058348563,0.402234058348563,0.0698883495653028,5.75538070151049,Positive,0.613186333235202,0.131066492438035,4.67843704236689,0.438416103610063,0.571934005556713,0.0838281137382704,0.092948262332242
57,0.572522654790035,0.572522654790035,0.113646165516678,5.03776482195534,Unconstrained,0.222989262626263,0.222989262626263,0.0641594651122481,3.47554740732547,Positive,0.357312150544291,0.357312150544291,0.0705375937975379,5.06555627017664,Positive,0.6654458645684,0.6654458645684,0.0517556632929152,12.8574502234134,Positive,0.365000058114967,0.365000058114967,0.0405248369381342,9.006823609733,Positive,0.37515516177203,0.37515516177203,0.0451720379263373,8.30503070027084,Positive,0.730518309131785,0.0811072072447792,9.006823609733,0.250991046842528,0.487819926618082,0.0653926675048231,0.0759703600644657
58,0.790527895379878,0.790527895379878,0.073492648259157,10.7565574803107,Unconstrained,0.242349481534182,0.242349481534182,0.0656149852760416,3.69350812950151,Positive,0.442143320465048,0.442143320465048,0.0886981933779465,4.98480638248242,Positive,0.709471960890052,0.709471960890052,0.0536194036367552,13.2316272239127,Positive,0.378188183313434,0.378188183313434,0.0469673796814391,8.05214567809685,Positive,0.368214446759102,0.368214446759102,0.0541360325556418,6.80165186432244,Positive,0.739928788588666,0.0918921264181041,8.05214567809685,0.254616539124115,0.545614959648741,0.062234425804088,0.0832016286678383
59,0.765271775457257,0.765271775457257,0.0668082592648707,11.4547480188524,Unconstrained,0.388493094903407,0.388493094903407,0.0896488578525258,4.33349742773618,Positive,0.476569814112958,0.476569814112958,0.0951542634732748,5.00839160240895,Positive,0.676411957263385,0.676411957263385,0.0633576716095876,10.6760861010086,Positive,0.346982479638456,0.346982479638456,0.0521724404297055,6.6506852426419,Positive,0.379755260011939,0.379755260011939,0.0577719825290082,6.57334651483109,Positive,0.684620673147115,0.102939869828384,6.6506852426419,0.364814773028759,0.556529089843572,0.0715290672113284,0.0839108872455392
60,0.811799332827733,0.811799332827733,0.0652300533240535,12.4451735275277,Unconstrained,0.259245690268468,0.259245690268468,0.0666069152751382,3.89217379603278,Positive,0.439303208285336,0.439303208285336,0.0874479595283653,5.02359586952787,Positive,0.711451937660618,0.711451937660618,0.0540425395730436,13.16466515603,Positive,0.318345772127592,0.318345772127592,0.0453388957689435,7.02147166860764,Positive,0.332189365582661,0.332189365582661,0.0526986500747527,6.30356498907378,Positive,0.654837347407068,0.0932621220042496,7.02147166860764,0.267071519296437,0.569419879290375,0.0615418644309004,0.0848732983947434
61,0.586833592268483,0.586833592268483,0.110883673939128,5.29233539457431,Unconstrained,0.370730006962425,0.370730006962425,0.0856261643614008,4.32963463594716,Positive,0.170186577313618,0.170186577313618,0.0447777667504451,3.80069372959352,Positive,0.662816695450285,0.662816695450285,0.0609034713597786,10.8830692348354,Positive,0.393133981060545,0.393133981060545,0.039402697551818,9.97733671770924,Positive,0.470886805455978,0.470886805455978,0.0359690653983557,13.0914384413643,Positive,0.703696845142092,0.0705295275735325,9.97733671770924,0.358696908516077,0.26547128907204,0.0705864014453894,0.0626302777842917
62,0.69073966212931,0.69073966212931,0.0771737497636256,8.95044836158625,Unconstrained,0.414607428849064,0.414607428849064,0.0925557037980876,4.47954487768296,Positive,0.456196928828808,0.456196928828808,0.0845110263094025,5.39807583401756,Positive,0.623041171706175,0.623041171706175,0.0631038868984054,9.87326141588148,Positive,0.349329875710776,0.349329875710776,0.0491283824941342,7.11055113105921,Positive,0.395513236819881,0.395513236819881,0.0522246591947079,7.5733043148314,Positive,0.703715058908241,0.0989677235895797,7.11055113105921,0.399564388779795,0.535624614133089,0.0742711426351863,0.0756139888466941
63,0.793228492298753,0.793228492298753,0.0652464459833764,12.1574206892564,Unconstrained,0.409907528809109,0.409907528809109,0.102779989448118,3.98820364752057,Positive,0.344576545901353,0.344576545901353,0.0842599025214962,4.0894486652586,Positive,0.585804303014945,0.585804303014945,0.0678258592971751,8.63688730353238,Positive,0.312880624382831,0.312880624382831,0.0535689866148516,5.84070455975525,Positive,0.386403196068546,0.386403196068546,0.0533007820853689,7.2494845469559,Positive,0.657630634668261,0.112594401572645,5.84070455975525,0.411672851228648,0.471390007297278,0.0856181183725968,0.0924178996209176
64,0.801840174452539,0.801840174452539,0.0508091359593134,15.781417245407,Unconstrained,0.60499151272833,0.60499151272833,0.116368198845705,5.19894196807586,Positive,0.703055633075885,0.703055633075885,0.113441027086473,6.19754290958566,Positive,0.52847743039888,0.52847743039888,0.0722440429185594,7.31516965342916,Positive,0.251128488549176,0.251128488549176,0.0599522974404882,4.18880508788608,Positive,0.32361347170553,0.32361347170553,0.0648131711784301,4.99302018126262,Positive,0.607252713566832,0.144970391514036,4.18880508788608,0.533752174152364,0.684792821564033,0.0787050552497129,0.0756007457889408
65,0.756788680276319,0.756788680276319,0.0786256952578637,9.62520811796102,Unconstrained,0.33037675306856,0.33037675306856,0.0840362468777554,3.93136016115936,Positive,0.275590416992303,0.275590416992303,0.0703856024217668,3.91543735522645,Positive,0.678642756682925,0.678642756682925,0.0610573883031992,11.1148343475308,Positive,0.416054533976525,0.416054533976525,0.0483947341563225,8.5971034086602,Positive,0.530957790128538,0.530957790128538,0.0501090088044656,10.5960545378263,Positive,0.693105988990386,0.0806208738040993,8.5971034086602,0.327423553138165,0.341691190382886,0.0723312216397686,0.0752516196421806
66,0.52876018104297,0.52876018104297,0.13700888779163,3.85931299469518,Unconstrained,0.138216177596325,0.138216177596325,0.0475845307133749,2.90464517615754,Positive,0.321676159903325,0.321676159903325,0.0653456082767939,4.92268980863648,Positive,0.718540383381004,0.718540383381004,0.0465719981002111,15.428592559737,Positive,0.391487531884341,0.391487531884341,0.0376639218387001,10.3942317414774,Positive,0.399809487251906,0.399809487251906,0.0434721278467566,9.19691551932475,Positive,0.730408463314515,0.0702705578902839,10.3942317414774,0.161324912923523,0.445852472840828,0.0525303048740224,0.0734444467510316
67,0.931420498469649,0.931420498469649,0.0295614432555959,31.507950759249,Unconstrained,0.346725899715195,0.346725899715195,0.0804923115475445,4.3075654438175,Positive,0.431713282280014,0.431713282280014,0.0891595721709339,4.84202954061228,Positive,0.620904784961624,0.620904784961624,0.0574495950204774,10.8078183099517,Positive,0.300860339264786,0.300860339264786,0.0507409863439477,5.92933565038339,Positive,0.383646795257421,0.383646795257421,0.0549275194315221,6.98460078350547,Positive,0.616434093035892,0.10396343357557,5.92933565038339,0.358324622405912,0.529475619635293,0.0710046376107666,0.0841118748779905
68,0.677390536596854,0.677390536596854,0.0949908877652375,7.13111070475487,Unconstrained,0.288084884657976,0.288084884657976,0.0763206696166051,3.77466400786528,Positive,0.355339620266262,0.355339620266262,0.0780047725790699,4.55535742900949,Positive,0.653162230827192,0.653162230827192,0.0568792317382747,11.4833166845971,Positive,0.372220652874714,0.372220652874714,0.0452351771599665,8.22856626731933,Positive,0.406332661743616,0.406332661743616,0.0499693008642732,8.13164592491094,Positive,0.72251866059217,0.0878061422998723,8.22856626731933,0.306067216481702,0.466525602492193,0.0713264122213133,0.0819951591243049
69,0.761222841050193,0.761222841050193,0.0676088196957978,11.2592239366886,Unconstrained,0.401715149042139,0.401715149042139,0.0867206914633822,4.63228720001342,Positive,0.401184422966283,0.401184422966283,0.0863379722380853,4.6466741407822,Positive,0.677702752328006,0.677702752328006,0.0613732768218323,11.0423100642873,Positive,0.427634183798427,0.427634183798427,0.0513230234983441,8.33220949682016,Positive,0.500430158648567,0.500430158648567,0.0563743207947767,8.87691685848096,Positive,0.734312721304349,0.0881294117226152,8.33220949682016,0.372159057703441,0.444962216835198,0.0677426812055949,0.0775217933719259
70,0.707578798985622,0.707578798985622,0.0802212123625052,8.82034536935444,Unconstrained,0.31123130403787,0.31123130403787,0.0800815644439263,3.88642887035251,Positive,0.544950224247638,0.544950224247638,0.10360268440809,5.26000100635504,Positive,0.679221179924942,0.679221179924942,0.0593059487629531,11.4528338909104,Positive,0.378890423042447,0.378890423042447,0.0522362244257651,7.25340369078364,Positive,0.369405212114113,0.369405212114113,0.061866712031365,5.97098504163002,Positive,0.75640868841814,0.104283274537615,7.25340369078364,0.314231433690418,0.595993858160905,0.0707619679169421,0.0833522801306994
71,0.708568041310501,0.708568041310501,0.081518693558903,8.69209270139383,Unconstrained,0.478733322145113,0.478733322145113,0.11266588374167,4.24914185418183,Positive,0.383439906957792,0.383439906957792,0.0865775579920393,4.42886027107681,Positive,0.563638022945143,0.563638022945143,0.0721368054595534,7.81345970832006,Positive,0.343557460342898,0.343557460342898,0.054449422311858,6.30966217373582,Positive,0.421139690086619,0.421139690086619,0.0549238155955336,7.66770635871238,Positive,0.705157542616228,0.111758367278595,6.30966217373582,0.459273294877135,0.476571750472349,0.0871572026622996,0.0857651670801099
72,0.486469841082546,0.486469841082546,0.124202080914884,3.91676079417642,Unconstrained,0.259640319031524,0.259640319031524,0.0733989195287545,3.53738611819495,Positive,0.423183010340984,0.423183010340984,0.0846268198982782,5.0005779592055,Positive,0.705696845347527,0.705696845347527,0.0572710353546577,12.3220549615947,Positive,0.392908413124704,0.392908413124704,0.0449245026376628,8.74597135317658,Positive,0.331798259237008,0.331798259237008,0.0515939046779447,6.4309584883744,Positive,0.81197973152363,0.0928404288940091,8.74597135317658,0.268963351471646,0.560521204158519,0.0681960300368454,0.0847006253365813
73,0.54237572364532,0.54237572364532,0.125719540969688,4.31417200112186,Unconstrained,0.309381081108286,0.309381081108286,0.0827470161147649,3.73887900295032,Positive,0.258399138639943,0.258399138639943,0.064761212832425,3.99002932987947,Positive,0.66203162465135,0.66203162465135,0.0602393327019839,10.9900225476692,Positive,0.387820901751582,0.387820901751582,0.043285239957067,8.95965696704573,Positive,0.450724920590271,0.450724920590271,0.0449786856500161,10.02085574704,Positive,0.709963560092784,0.0792400381737919,8.95965696704573,0.318485726276715,0.364392006273834,0.0744319206671086,0.0777739250512548
74,0.670321197729808,0.670321197729808,0.0953810302395967,7.02782509316543,Unconstrained,0.284992879003488,0.284992879003488,0.0742220276161758,3.83973448525646,Positive,0.302139370224246,0.302139370224246,0.0706493433546786,4.27660549805008,Positive,0.683085538381254,0.683085538381254,0.0565447904384388,12.0804327522434,Positive,0.40493567609908,0.40493567609908,0.0448273918820809,9.03321962527442,Positive,0.473736615026793,0.473736615026793,0.0482676554179917,9.81478406034631,Positive,0.711836117010396,0.0788020380926774,9.03321962527442,0.29439028273494,0.389417092380411,0.0677612227726989,0.076336026801386
75,0.807688716411378,0.807688716411378,0.0630661944359728,12.8069994334504,Unconstrained,0.323884955365207,0.323884955365207,0.0784088459724537,4.13071958078548,Positive,0.3064238624935,0.3064238624935,0.0691127967054102,4.43367765595735,Positive,0.678437066747169,0.678437066747169,0.0581446709470711,11.6680867858853,Positive,0.396085904241987,0.396085904241987,0.0463267102237953,8.54983879339962,Positive,0.494702787172827,0.494702787172827,0.0478688369987278,10.334547864323,Positive,0.683695032813423,0.0799658390449687,8.54983879339962,0.323134629609978,0.382491161192961,0.068025397158733,0.0724778387208344
76,0.852724570551351,0.852724570551351,0.0814262401039267,10.4723559562985,Unconstrained,0.0978106385942094,0.0978106385942094,0.0376119543579727,2.60051997466801,Positive,0.392491464462933,0.392491464462933,0.083770557567839,4.68531517347352,Positive,0.752558030309751,0.752558030309751,0.043951202544495,17.1225811068055,Positive,0.368714518472618,0.368714518472618,0.0382759164892227,9.63306831794443,Positive,0.325102265790791,0.325102265790791,0.0511397410914033,6.35713554375897,Positive,0.745435795189215,0.0773830072190624,9.63306831794443,0.115021451484422,0.546954980116894,0.0427020067356354,0.0890819416622573
77,0.736676888476238,0.736676888476238,0.0907547512130008,8.11722668653746,Unconstrained,0.213115005318782,0.213115005318782,0.062479071362189,3.41098228050418,Positive,0.287613952311536,0.287613952311536,0.0714001866569802,4.02819608432239,Positive,0.670433023089612,0.670433023089612,0.0511087710481169,13.117768424884,Positive,0.347316503540628,0.347316503540628,0.0421171346533843,8.24644189114417,Positive,0.443054457492298,0.443054457492298,0.0481180024957181,9.20766520870696,Positive,0.637263678620129,0.077277410916396,8.24644189114417,0.241203645378151,0.393631294924537,0.0643253188026701,0.0819036884198788
78,0.483065404829303,0.483065404829303,0.121313236708857,3.98196782094458,Unconstrained,0.36290795597978,0.36290795597978,0.093287882630849,3.8901939431496,Positive,0.403092342872081,0.403092342872081,0.0862591009770077,4.67304131745501,Positive,0.587255069441466,0.587255069441466,0.0632879907532655,9.27909169578377,Positive,0.330227643767674,0.330227643767674,0.0473532666579416,6.9737035493895,Positive,0.342282472128927,0.342282472128927,0.0528802576533789,6.47278374421946,Positive,0.736559284951057,0.105619529097353,6.9737035493895,0.381942831146147,0.540791471296941,0.0828991290356726,0.0886901856732655
79,0.69065196318512,0.69065196318512,0.0987852068461377,6.99145130364348,Unconstrained,0.405306423184894,0.405306423184894,0.0997067671937554,4.06498409879523,Positive,0.266935077183434,0.266935077183434,0.0734664690500527,3.63342733950601,Positive,0.729219600458674,0.729219600458674,0.0700847331109463,10.4048281000699,Positive,0.451997065860128,0.451997065860128,0.0516717589776474,8.74746814900683,Positive,0.522531296984128,0.522531296984128,0.0517841200591104,10.0905701668324,Positive,0.732234681793472,0.08370818496511,8.74746814900683,0.35724735681535,0.338120895224827,0.0750766452555492,0.0805634707511246
80,0.440347985106488,0.440347985106488,0.14690175244666,2.99756795118138,Unconstrained,0.243344455941954,0.243344455941954,0.0682397354629238,3.56602285004708,Positive,0.184056816401394,0.184056816401394,0.0493189872093456,3.73196666874207,Positive,0.756195307022358,0.756195307022358,0.0565182179051653,13.3796735822636,Positive,0.437563784797979,0.437563784797979,0.039335576731122,11.1238685475223,Positive,0.488180262773293,0.488180262773293,0.0388757313008053,12.5574554211198,Positive,0.720168751024661,0.0647408541325373,11.1238685475223,0.243456503641509,0.273797477264067,0.0620160790431048,0.0656304839188305
81,0.586701352645489,0.586701352645489,0.110561313435848,5.3065700326174,Unconstrained,0.321279740508824,0.321279740508824,0.0793989408301989,4.04639831652046,Positive,0.241594578764115,0.241594578764115,0.0594928236467742,4.06090287794258,Positive,0.736030700649087,0.736030700649087,0.0603540278825649,12.1952208737623,Positive,0.468681440796648,0.468681440796648,0.0442711674924175,10.5866067543152,Positive,0.528393679021058,0.528393679021058,0.0445038034366431,11.8730004677756,Positive,0.751538069211397,0.0709895140768368,10.5866067543152,0.303865097706758,0.31376397798461,0.0659484202700274,0.067504057728055
82,0.684077970932636,0.684077970932636,0.0937091069302678,7.3000159039151,Unconstrained,0.204826428364707,0.204826428364707,0.0602484464463028,3.3996964311314,Positive,0.470662465737361,0.470662465737361,0.096580021313132,4.87329014156435,Positive,0.72543121320819,0.72543121320819,0.0518147695259591,14.0004716771875,Positive,0.384067592200867,0.384067592200867,0.046814316635783,8.20406276970626,Positive,0.401304638525275,0.401304638525275,0.059561888157092,6.73760773780125,Positive,0.711823716817762,0.0867647818890649,8.20406276970626,0.220182473339732,0.539770896673182,0.0594811306028191,0.0849095664024971
83,0.761816042328996,0.761816042328996,0.0766712491824389,9.93613708466206,Unconstrained,0.263915260016706,0.263915260016706,0.0709056773781361,3.72206105033396,Positive,0.293919855798975,0.293919855798975,0.0696367722204797,4.22075645419613,Positive,0.64534898049234,0.64534898049234,0.0539573868618,11.9603453396522,Positive,0.369196057302234,0.369196057302234,0.0440913080762634,8.37344305284948,Positive,0.44972519352259,0.44972519352259,0.0471832047937174,9.53146772222797,Positive,0.685308520798257,0.0818430980509322,8.37344305284948,0.290251445354273,0.395242133417175,0.0691252866831499,0.0782947106837478
84,0.752425787409092,0.752425787409092,0.071450547127328,10.5307211443495,Unconstrained,0.329642592364055,0.329642592364055,0.0841979318297912,3.91509132350706,Positive,0.421913952909705,0.421913952909705,0.0867448214946269,4.863851762446,Positive,0.651146476177071,0.651146476177071,0.060494988036356,10.76364335812,Positive,0.319014265974581,0.319014265974581,0.0490715957893773,6.50099636750837,Positive,0.35586536285359,0.35586536285359,0.0531665391002354,6.69340846472391,Positive,0.662716674204986,0.101940785187515,6.50099636750837,0.336099374409201,0.542459723932936,0.0742849247311333,0.0851852126641246
85,0.721966528327059,0.721966528327059,0.0900642965973128,8.01612354288458,Unconstrained,0.274241088297418,0.274241088297418,0.082510670593441,3.32370451391311,Positive,0.416861625689207,0.416861625689207,0.0987155636159958,4.22285615782737,Positive,0.705427790948488,0.705427790948488,0.0617971210741766,11.4152209469717,Positive,0.332481556519046,0.332481556519046,0.0525135186659851,6.3313517159993,Positive,0.350399388890598,0.350399388890598,0.0601574917721472,5.82470077405774,Positive,0.668743550252519,0.105624135295249,6.3313517159993,0.279932428300176,0.543311360499013,0.075153525609738,0.0988258652691726
86,0.802206031514872,0.802206031514872,0.0582579085465592,13.7699078378991,Unconstrained,0.439584950920635,0.439584950920635,0.104066270372961,4.22408672228969,Positive,0.641806866393686,0.641806866393686,0.113019116987098,5.67874606971979,Positive,0.669016088208769,0.669016088208769,0.0707004465199352,9.46268547285806,Positive,0.299356085582933,0.299356085582933,0.0601877269947034,4.97370644366213,Positive,0.274565153011167,0.274565153011167,0.0645766635217911,4.25177050094135,Positive,0.698468945795059,0.140432281982605,4.97370644366213,0.396522225223463,0.700378070044646,0.0785437333375024,0.084195187840813
87,0.52048717476383,0.52048717476383,0.142968884466301,3.64056260707912,Unconstrained,0.167393530933341,0.167393530933341,0.0559068656785616,2.99414980435097,Positive,0.347405401797969,0.347405401797969,0.0820182236789592,4.23570989732483,Positive,0.722826479327254,0.722826479327254,0.0502302452755948,14.3902637815398,Positive,0.400967234361881,0.400967234361881,0.0425063842160067,9.43310614999071,Positive,0.35530671651271,0.35530671651271,0.0515172397546078,6.89685080577189,Positive,0.791207052230915,0.083875559084183,9.43310614999071,0.188036136015792,0.494377986013863,0.0586505038325349,0.0924241893888765
88,0.72358894655414,0.72358894655414,0.079141114214804,9.14302197704953,Unconstrained,0.491606858037775,0.491606858037775,0.114209454657537,4.3044322338451,Positive,0.447138445636188,0.447138445636188,0.0906985535444747,4.92994020480085,Positive,0.58588302173374,0.58588302173374,0.0735574464003189,7.96497228227869,Positive,0.342388440355034,0.342388440355034,0.0547433738512676,6.25442708893445,Positive,0.407176997856022,0.407176997856022,0.0561395173274831,7.25294796321108,Positive,0.701006458654548,0.112081642121113,6.25442708893445,0.45625194933805,0.523387993325284,0.0856579672562156,0.0818849685835363
89,0.860813123750362,0.860813123750362,0.0494096007037684,17.4219809812126,Unconstrained,0.366278431304494,0.366278431304494,0.0883644620638272,4.14508754707209,Positive,0.296686726261544,0.296686726261544,0.0685563090299654,4.32763563936712,Positive,0.64666509732321,0.64666509732321,0.0620902425970766,10.4149230261448,Positive,0.355340179126564,0.355340179126564,0.0479245009758377,7.41458276854499,Positive,0.437493577381813,0.437493577381813,0.0461761976704632,9.47443920142558,Positive,0.66806507048332,0.0901015055516628,7.41458276854499,0.361598076252793,0.4041060823741,0.0743366464490271,0.0776097566380875
90,0.85907595434067,0.85907595434067,0.0522767113114986,16.4332440352213,Unconstrained,0.264616556571038,0.264616556571038,0.0681741703114067,3.88147821032981,Positive,0.368987011087629,0.368987011087629,0.082167615862927,4.49066225437498,Positive,0.682062429156467,0.682062429156467,0.0535726366482917,12.7315449048039,Positive,0.351805939054387,0.351805939054387,0.0462962596152641,7.59901430435203,Positive,0.38973295377128,0.38973295377128,0.0517843806827452,7.52607154189913,Positive,0.682350538393434,0.0897946116514934,7.59901430435203,0.279520894157892,0.486328326889679,0.0640979653509939,0.085749574058831
91,0.753822621726309,0.753822621726309,0.076234414349999,9.88821948923806,Unconstrained,0.269299916065336,0.269299916065336,0.073075769754641,3.68521490734257,Positive,0.372254202108081,0.372254202108081,0.0817855673527803,4.55158794096727,Positive,0.674937566485676,0.674937566485676,0.0559798513989584,12.0567945362255,Positive,0.355714041170657,0.355714041170657,0.0466544620600606,7.624437737868,Positive,0.397440670764593,0.397440670764593,0.0518389160305844,7.66683991868401,Positive,0.686804377081031,0.0900793475786294,7.624437737868,0.28520358600654,0.483638666733929,0.0688015536899487,0.0843143473309411
92,0.923485473840442,0.923485473840442,0.0257132141894197,35.9148205680343,Unconstrained,0.641371966897847,0.641371966897847,0.140091377805927,4.5782401240022,Positive,0.789391636233061,0.789391636233061,0.14845970078555,5.31721155341229,Positive,0.530223492718402,0.530223492718402,0.0853424087461397,6.21289579833176,Positive,0.199228677205419,0.199228677205419,0.0778998699493655,2.55749691668185,Positive,0.24387833540705,0.24387833540705,0.0830824317685937,2.93537791583081,Positive,0.554033157948456,0.2166310169661,2.55749691668185,0.547434664101485,0.763974235097588,0.0912818551917993,0.0938352939359786
93,0.767410907231179,0.767410907231179,0.0682810351481113,11.2390051727622,Unconstrained,0.439725634804672,0.439725634804672,0.110301392836549,3.98658279371217,Positive,0.452415246206718,0.452415246206718,0.102093061947484,4.4314005043696,Positive,0.625396739801598,0.625396739801598,0.0728204351603022,8.58820382527089,Positive,0.373998977003462,0.373998977003462,0.060563771884094,6.17529201647505,Positive,0.424524207282425,0.424524207282425,0.0631840617813935,6.71884958506164,Positive,0.725840802394265,0.117539510756381,6.17529201647505,0.412840482265918,0.5159024883721,0.0858882376680031,0.0906913315858306
94,0.680690647239034,0.680690647239034,0.0957327824921682,7.1103192607477,Unconstrained,0.360768874803583,0.360768874803583,0.0923451851050015,3.90674266766989,Positive,0.255715856971229,0.255715856971229,0.0646006728422695,3.95840856945238,Positive,0.619327323831386,0.619327323831386,0.0636256791445641,9.7339208344513,Positive,0.35385535773482,0.35385535773482,0.0455209802363102,7.77345645673429,Positive,0.422505542045478,0.422505542045478,0.0441667830487969,9.56613800870849,Positive,0.691750449812576,0.088988785575984,7.77345645673429,0.368095371970675,0.377038909922289,0.0801321950315628,0.0805895131246473
95,0.603878540969495,0.603878540969495,0.141897358456494,4.25574194994367,Unconstrained,0.0792503535004541,0.0792503535004541,0.0343126081270459,2.30965694030083,Positive,0.302211572795176,0.302211572795176,0.0663217068514158,4.55675203704027,Positive,0.797506698456129,0.797506698456129,0.0445812175771688,17.8888496500947,Positive,0.435025798866053,0.435025798866053,0.0360964247198826,12.0517697318215,Positive,0.446537665825681,0.446537665825681,0.0453027799021935,9.85673874295868,Positive,0.728985339749841,0.0604878251054723,12.0517697318215,0.090390323435207,0.403621876600273,0.038164574673965,0.0736376081317304
96,0.589182988017623,0.589182988017623,0.122361560779964,4.81509866547973,Unconstrained,0.200080321770966,0.200080321770966,0.0629661100508511,3.17758746108632,Positive,0.322419667224604,0.322419667224604,0.0758842103627606,4.24883734947353,Positive,0.784638490959068,0.784638490959068,0.0554067049472422,14.1614357270694,Positive,0.464671479808477,0.464671479808477,0.0451929687103767,10.2819419274349,Positive,0.468479959088704,0.468479959088704,0.0509931912963247,9.18710806637571,Positive,0.766418015110592,0.0745402007246888,10.2819419274349,0.203185233372625,0.407661928894224,0.0592780435147199,0.0797585695062179
97,0.791949059269088,0.791949059269088,0.0628011405561548,12.6104247829855,Unconstrained,0.344756481541901,0.344756481541901,0.0803648600086035,4.28989089889528,Positive,0.457047642574827,0.457047642574827,0.0857429985514135,5.33043689043335,Positive,0.619900536060379,0.619900536060379,0.0574526045465968,10.7897725603999,Positive,0.32975825947862,0.32975825947862,0.0477651923761268,6.90373560901713,Positive,0.342021299389435,0.342021299389435,0.051746466758905,6.6095585034427,Positive,0.716156766925055,0.103734674599889,6.90373560901713,0.357387626121061,0.571975230887234,0.0711823156254272,0.0799864051313725
98,0.471390982403582,0.471390982403582,0.153217030337277,3.07662262717081,Unconstrained,0.136347174059242,0.136347174059242,0.0484601673400606,2.81359272043882,Positive,0.23447199340381,0.23447199340381,0.0568665993215366,4.12319351255827,Positive,0.797377402032746,0.797377402032746,0.0498627138780622,15.9914561406086,Positive,0.452761643669026,0.452761643669026,0.0380300479284823,11.9053661073599,Positive,0.47370106983659,0.47370106983659,0.0418897808313258,11.3082728158451,Positive,0.736691202155252,0.061878920439064,11.9053661073599,0.146025045875851,0.331094199390941,0.0494162461232696,0.0696888157945219
99,0.542477644188665,0.542477644188665,0.125746074354784,4.31407220441809,Unconstrained,0.191725686102254,0.191725686102254,0.0581202098683945,3.29877828274178,Positive,0.350864921950907,0.350864921950907,0.078873070777315,4.4484754871725,Positive,0.704316360886657,0.704316360886657,0.0503069083270197,14.0003904892794,Positive,0.427709741413471,0.427709741413471,0.0428008133347083,9.99302835833333,Positive,0.438515613397363,0.438515613397363,0.0516377740571757,8.49214787825321,Positive,0.769613580760539,0.0770150502093539,9.99302835833333,0.213969519339562,0.444481344851134,0.0597901132124576,0.0812951461621557
100,0.680193246878499,0.680193246878499,0.0836582302691277,8.13061960180515,Unconstrained,0.408662857222555,0.408662857222555,0.0962006584674659,4.24802557209897,Positive,0.518554273376317,0.518554273376317,0.102752901619224,5.04661440411625,Positive,0.543955641601883,0.543955641601883,0.0631912721609521,8.60808182839545,Positive,0.281953716462795,0.281953716462795,0.0522139227012574,5.39997192082267,Positive,0.317227871312517,0.317227871312517,0.0604596339910751,5.24693668108123,Positive,0.678750890324757,0.125695262915617,5.39997192082267,0.428989000031868,0.62044191380683,0.0828743512655312,0.0890862770819371
